years_by_quarter,AL,AK,AZ,AR,CA,CO,CT,DE,FL,GA,HI,ID,IL,IN,IA,KS,KY,LA,ME,MD,MA,MI,MN,MS,MO,MT,NE,NV,NH,NJ,NM,NY,NC,ND,OH,OK,OR,PA,RI,SC,SD,TN,TX,UT,VT,VA,WA,WV,WI,WY
1975-01-01,75.09,62.32,60.77,66.73,41.68,54.27,62.33,77.20,65.83,73.93,64.84,69.99,66.37,66.03,59.29,61.81,64.15,51.69,60.96,61.88,67.84,60.23,55.29,75.26,65.36,57.30,63.67,52.21,78.45,63.84,56.93,78.41,66,67.92,65.02,52.13,51.12,70.79,61.5,75.41,75.07,68.03,55.55,55.09,77.35,69.83,46.13,50.19,61.85,49.32
1975-04-01,72.29,64.53,60.11,60.48,42.74,54.81,62.61,89.74,83.43,72.00,53.99,65.04,62.20,60.88,63.46,62.22,65.69,55.12,88.24,62.36,66.01,62.57,55.81,72.17,73.89,56.57,62.93,52.07,54.32,59.24,58.82,75.72,67.07,59.27,64.75,53.29,51.49,69.59,66.04,69.85,70.26,68.78,58.51,57.57,77.06,66.7,47.20,65.41,62.64,47.99
1975-07-01,74.60,67.66,59.53,65.12,44.27,54.72,61.78,115.93,66.85,74.30,55.51,57.27,64.15,61.98,64.24,63.29,67.00,52.89,68.41,65.08,67.29,63.16,58.07,72.61,65.58,59.48,61.20,53.79,58.91,60.01,59.38,77.64,68.98,66.2,64.43,52.71,54.17,74.17,64.9,72.28,65.14,67.74,56.06,55.17,67.15,67.38,49.67,66.18,64.61,50.23
1975-10-01,71.76,68.48,56.48,62.60,45.77,54.91,61.97,71.89,68.24,73.66,56.12,61.93,66.73,63.36,65.70,64.57,68.31,55.63,71.14,66.77,70.25,62.31,60.00,73.15,65.14,58.49,67.99,48.77,52.68,62.83,55.78,79.78,70.49,63.22,65.99,54.69,53.41,71.85,67.13,70.11,63.85,70.93,59.36,59.81,72.73,67.74,48.01,66.73,69.04,53.71
1976-01-01,77.17,71.57,59.16,66.82,47.79,54.91,64.73,79.74,67.98,71.28,53.80,56.81,67.75,62.32,67.74,66.57,69.47,58.84,55.75,67.17,67.29,62.68,62.56,73.09,67.08,59.96,67.19,58.76,83.13,62.82,59.72,73.01,68.59,75.01,66.58,54.75,57.16,72.72,65.94,71.03,62.91,69.92,58.7,61.49,117.01,69.46,50.33,61.94,65.44,54.42
1976-04-01,74.26,71.85,62.83,68.65,50.25,59.82,64.12,84.65,75.93,73.08,56.71,74.17,70.24,65.70,70.35,67.24,68.55,58.85,70.01,69.80,69.05,64.20,62.44,74.69,77.45,65.47,67.72,59.02,66.15,63.82,61.48,74.89,69.83,72.83,68.73,60.95,56.9,76.76,68.96,77.47,65.8,68.58,63.51,61.28,57.56,68.57,53.59,66.95,65.52,55.63
1976-07-01,77.35,74.48,61.03,71.55,53.56,59.55,67.19,80.55,69.04,79.12,54.84,64.78,73.40,65.68,74.27,68.52,69.04,58.17,83.58,70.58,68.68,64.32,62.99,71.97,69.40,65.09,67.95,60.93,63.99,65.89,63.83,75.52,70.63,71.44,71.09,59.22,59.98,77.45,70.63,76.64,68.73,71.4,63.28,64.65,81.17,70.54,56.55,68.78,67.61,58.58
1976-10-01,79.73,74.24,61.22,72.28,55.58,62.09,67.86,87.02,70.36,78.37,56.47,69.61,73.05,68.61,71.33,70.42,69.35,61.73,70.65,71.71,70.22,65.63,64.48,83.38,69.17,65.62,70.49,60.96,70.93,62.05,65.42,73.87,70.71,72.83,72.37,62.29,63.53,75.16,69.59,75.68,66.63,71.62,63.05,64.01,79.54,71.98,57.77,63.02,68.34,62.99
1977-01-01,81.28,78.83,63.64,73.19,58.02,64.97,64.18,89.93,71.08,76.77,56.28,72.89,80.18,71.13,76.23,72.55,69.85,62.77,74.59,72.15,72.50,67.31,66.59,75.15,71.42,66.40,72.26,63.56,72.27,65.03,70.17,77.75,75.07,82.14,73.20,64.18,67.12,74.60,69.48,75.83,62.84,74.97,65.95,69.68,114.4,73.08,59.75,68.07,72.73,63.43
1977-04-01,83.59,77.47,64.01,75.17,63.01,65.55,68.45,77.99,79.13,76.23,59.14,75.98,83.82,71.21,78.32,75.78,73.41,65.19,80.78,73.45,69.89,68.14,68.78,77.27,81.36,72.26,73.99,64.88,69.23,65.28,70.11,82.88,73.99,85.6,75.27,63.77,69.04,80.35,72.47,79.19,70.38,77.42,71.56,70.75,82.4,75.09,62.88,85.2,76.05,64.79
1977-07-01,88.25,79.10,66.18,78.38,67.94,68.95,71.48,82.19,72.62,78.75,61.06,76.65,83.18,73.94,79.95,77.37,76.59,62.65,81.56,76.65,73.67,71.27,73.07,78.33,77.54,76.96,78.36,70.22,66.99,67.4,73.01,82.40,76.74,79.85,78.87,68.05,74.01,80.92,75.21,81.49,79.16,78.17,69.31,74.74,76.27,77.31,67.26,72.92,78.05,67.27
1977-10-01,89.28,79.32,70.13,81.13,70.66,73.00,72.42,82.87,74.85,78.61,62.91,78.65,88.69,78.13,83.50,79.61,78.49,68.50,86.59,77.16,73.47,72.66,74.79,85.97,80.24,80.16,80.02,72.51,75.79,69.39,75.94,84.53,81.58,78.16,81.18,69.83,78.14,83.42,77.47,82.92,81.51,79.68,73.4,75.09,76.84,78.94,70.75,85.45,80.93,71.30
1978-01-01,88.60,79.32,71.30,81.15,73.21,75.91,73.59,85.32,78.45,84.23,65.85,89.80,90.95,81.94,85.73,82.33,81.56,73.05,82.54,81.86,78.10,75.59,76.44,86.68,82.67,90.58,78.87,74.06,75.05,71.19,76.98,83.27,82.95,88.25,83.23,71.81,79.99,84.17,80.18,82.51,76.04,84.67,76.66,81.5,90.81,80.38,74.32,84.37,84.68,73.18
1978-04-01,88.61,86.35,74.08,83.53,76.00,79.87,79.63,89.35,83.40,81.72,65.33,90.71,98.14,84.54,89.88,84.87,83.88,73.37,91.62,83.37,79.77,79.49,82.09,87.99,92.76,89.88,85.74,79.42,75.1,73.26,78.11,87.48,83.01,84.17,86.48,78.1,84.63,87.54,81.91,86.92,84.23,83.42,78.89,84.03,92.03,83.38,79.67,80.3,87.52,76.56
1978-07-01,96.77,88.23,78.99,86.26,78.62,84.04,87.17,85.49,83.08,85.35,66.90,92.17,99.42,86.97,91.15,88.34,88.49,77.74,90.32,85.78,84.64,82.96,85.62,92.96,90.04,90.06,86.66,83.46,83.53,76.39,81.26,83.92,86.72,89.8,89.09,81.75,88.15,86.47,84.81,88.36,85.75,87.05,81.29,87.23,99.54,86.08,84.01,83.29,90.84,78.87
1978-10-01,96.37,86.85,83.14,86.37,81.80,87.41,88.23,83.76,84.69,86.34,75.12,90.07,102.01,89.60,95.38,90.15,91.71,81.97,94.32,88.31,87.42,86.81,87.61,90.44,90.96,92.74,87.07,89.36,84.95,79.54,83.79,83.81,87.22,85.95,91.42,84.7,91.97,87.80,87.64,89.8,85.63,90.61,85.52,90.13,88.54,89.27,86.87,84.69,92.65,82.37
1979-01-01,99.50,89.38,87.49,91.99,84.85,91.74,95.38,86.45,89.80,87.93,74.17,98.01,97.51,93.17,96.25,92.08,95.57,87.97,104.15,91.04,90.97,91.27,91.28,99.06,95.99,94.92,92.80,91.58,89.45,85.02,89.12,96.59,90.06,99.69,95.71,88.61,95.87,92.55,90.72,94,89.42,90.83,89.47,94.6,94.51,89.48,88.93,83.09,96.65,87.63
1979-04-01,100.24,99.86,92.61,94.87,88.62,94.54,97.52,87.04,92.42,91.12,82.13,95.82,102.49,96.41,99.48,94.12,97.65,91.92,103.13,94.76,93.76,96.08,94.41,101.83,102.59,100.17,94.18,98.21,93.29,87.1,91.89,95.85,91.61,98.6,98.57,91.01,96.12,97.02,92.46,95.95,90.7,91.89,92.76,97.54,87.51,91.61,93.86,88.79,99.70,92.43
1979-07-01,101.68,96.74,95.57,99.52,93.10,97.47,100.42,95.10,93.78,92.18,89.65,98.89,101.15,97.88,102.66,97.35,96.81,95.70,97.97,96.86,97.12,99.11,97.36,106.56,98.52,97.23,97.26,98.53,95.58,91.58,93.82,94.71,96.12,97.88,99.20,94.04,98.27,96.37,93.15,97.8,99.42,96.72,95.16,97.98,95.52,94.65,95.90,88.78,99.44,97.87
1979-10-01,107.96,97.33,99.13,101.43,96.40,99.44,101.80,96.30,98.03,95.61,92.87,101.30,99.55,97.81,101.52,97.80,99.33,97.48,105.47,98.15,98.05,99.46,99.18,93.05,100.59,104.31,98.29,99.64,96.15,94.19,95.26,98.11,96.23,100.17,100.79,96.08,100.07,98.85,100.77,100.41,90.71,96.31,96.99,99.69,108.98,95.53,98.03,94.87,100.20,96.75
1980-01-01,100.00,100.00,100.00,100.00,100.00,100.00,100.00,100.00,100.00,100.00,100.00,100.00,100.00,100.00,100.00,100.00,100.00,100.00,100.00,100.00,100.00,100.00,100.00,100.00,100.00,100.00,100.00,100,100,100,100,100.00,100,100,100.00,100,100,100.00,100,100,100,100,100,100,100,100,100.00,100,100.00,100.00
1980-04-01,103.11,83.10,98.75,101.14,102.86,102.32,101.63,107.17,99.67,100.49,101.70,101.71,100.86,99.49,100.98,101.34,100.99,99.31,104.46,103.10,103.94,101.86,102.41,96.86,111.14,93.34,103.28,101.49,97.31,101.57,97.77,107.01,98.78,107.51,99.75,99.19,98.75,96.24,102.86,104.02,107.01,100.21,104.45,98.34,101.05,101.16,100.21,105,100.98,97.86
1980-07-01,110.00,73.73,107.28,106.94,106.55,107.12,103.81,109.98,105.89,102.07,101.32,104.54,102.41,102.07,101.60,102.19,101.15,100.96,109.39,104.92,108.39,102.83,106.64,104.29,105.06,107.90,101.69,105.12,101.99,100.81,99.12,114.72,101.21,99.8,102.11,104.04,105.41,101.55,102.04,109.32,98.03,99.39,103.91,103.64,103.8,104.32,103.53,102.7,104.97,101.42
1980-10-01,108.98,95.04,107.85,109.16,108.39,106.56,104.79,106.69,108.70,102.94,107.78,102.62,95.63,101.36,97.56,103.93,104.56,102.67,105.78,107.59,108.66,101.76,104.73,104.55,105.66,102.57,105.82,106.23,98.31,103.81,104.92,111.17,102.41,96.15,103.47,102.09,101.93,101.63,98.24,106.21,95.05,100.29,105.65,104.72,110.34,104.25,101.86,117.98,101.66,94.96
1981-01-01,105.49,89.53,108.69,109.91,110.42,106.52,104.42,109.37,110.01,107.25,102.23,110.11,101.78,103.97,95.02,98.21,107.37,106.60,119.27,110.59,112.53,103.26,100.45,94.14,103.28,95.89,102.22,108.1,97.64,104.31,101.03,111.96,106.04,103.42,103.36,103.05,97.6,101.77,94.91,113.61,92.31,96.49,104.49,106.13,110.46,106.09,100.05,99.13,102.66,107.00
1981-04-01,109.14,108.81,112.15,106.59,112.96,108.51,109.73,104.05,112.25,107.92,98.12,101.66,106.62,102.79,93.41,103.01,105.69,108.35,113.73,112.88,118.65,103.49,100.01,115.23,103.98,102.35,103.06,116.9,100.38,105.93,111.03,108.35,106.07,98.25,103.67,106.65,99.11,103.98,106.12,115.98,98.54,106.46,111.13,109.75,108.39,105.57,104.14,94.99,102.98,109.72
1981-07-01,112.44,116.63,116.72,109.20,116.34,114.54,114.22,116.21,108.03,108.73,86.86,102.83,103.09,104.82,88.07,103.23,103.27,111.15,108.75,111.30,121.49,106.28,103.53,107.47,103.09,114.38,100.46,118.12,99.27,107.59,113.95,115.60,105.95,116.83,103.25,111.98,96.26,104.45,103.6,118.02,104.17,108.38,114.44,108.37,101.26,106.23,105.23,108.48,103.27,109.85
1981-10-01,106.77,129.42,109.90,103.07,117.53,110.37,111.69,107.53,104.79,112.90,49.36,119.02,104.37,106.94,102.69,104.94,103.57,112.96,117.46,114.32,121.44,105.35,106.61,93.58,102.23,100.49,100.17,114.69,106.25,105.91,117.5,114.27,104.44,110.28,100.34,113.61,88.79,101.47,101.57,115.93,86.79,97.56,112.34,110.41,62.9,109.83,103.69,108.47,91.13,109.52
1982-01-01,109.28,136.82,105.51,103.15,104.36,119.63,111.83,102.44,113.01,113.58,112.91,93.78,95.07,104.55,95.79,103.39,106.42,110.12,105.20,106.94,123.52,104.59,89.38,103.10,103.14,105.51,106.25,119.27,106.07,105.41,105.45,123.33,106.68,99.53,89.17,116.77,96.71,103.74,105.59,119.55,68.8,105.89,122.46,106.68,122.32,97.81,86.66,68.84,86.24,111.80
1982-04-01,107.15,131.74,109.36,106.21,107.44,120.77,112.32,113.28,114.73,115.57,104.08,109.48,94.88,103.73,96.85,104.09,106.43,114.50,114.27,108.36,124.51,99.64,91.70,104.69,101.71,113.98,107.14,120.05,105.18,108.96,116.45,125.10,109.52,83.88,96.72,119.22,92.94,104.02,103.23,118.96,110.21,98.82,119.12,108.79,116.94,109.51,93.54,113.89,96.33,108.08
1982-07-01,107.75,141.16,101.60,110.95,104.91,122.52,111.05,113.36,104.76,114.37,100.41,104.43,87.17,95.38,86.15,104.83,104.59,115.24,109.77,106.72,126.40,94.56,98.73,108.55,103.66,100.94,109.23,119.92,107.25,109.18,129.84,122.33,107.53,72.94,99.13,120.15,96.15,104.48,102.86,120.6,106.64,105.75,118.15,111.84,108.22,103.77,93.83,83.88,98.54,109.26
1982-10-01,115.61,137.24,108.81,108.61,115.88,126.44,112.98,116.13,112.86,116.47,85.26,111.02,102.50,103.93,94.61,105.00,107.02,115.08,113.10,110.92,127.90,87.76,105.97,108.39,104.03,113.57,108.80,122.48,106.39,109.64,123.45,126.38,112.01,98.77,103.00,123.21,102.54,105.32,108.44,120.51,118.61,103.69,120.96,113.89,113.97,112.84,103.57,86.58,99.44,112.16
1983-01-01,114.71,139.18,119.06,113.31,116.73,126.17,118.79,116.72,121.42,117.74,102.38,110.58,100.91,105.99,98.20,105.99,108.52,116.04,114.17,113.48,130.08,96.64,109.67,112.49,105.48,99.21,108.89,118.73,108.87,110.11,128.28,128.67,112.87,99.32,102.35,124.26,98.52,108.74,109.56,124.18,100.75,110.33,125.61,114.27,118.28,115.34,104.77,98.25,103.91,111.12
1983-04-01,114.55,140.50,119.25,116.51,117.43,125.21,121.09,119.03,123.77,118.54,106.40,106.79,104.32,106.04,99.13,108.54,109.62,117.04,119.68,115.52,135.89,97.10,111.57,112.67,108.10,105.22,109.20,117.96,111.86,113.77,121.65,132.70,111.25,107.02,105.40,125.98,100.31,110.48,111.39,121.68,121.53,110.66,125.86,115.33,112.63,118.08,104.72,92.04,106.25,106.00
1983-07-01,116.92,146.80,115.51,118.36,117.26,126.35,122.52,122.38,124.19,121.12,112.38,106.79,105.58,105.73,98.68,106.32,109.98,115.67,125.35,116.70,142.81,97.28,111.41,110.61,111.58,110.66,111.42,119.53,115.59,117.67,123.24,138.15,114.07,89.7,106.12,127.05,99.2,112.93,119.04,124.75,100.9,112.25,125.69,111.56,118.17,118.83,103.98,92.67,105.92,103.14
1983-10-01,113.76,146.38,113.16,118.36,117.79,121.99,126.24,127.97,124.53,120.83,106.31,108.34,106.74,105.23,98.43,107.42,109.09,116.42,131.09,118.12,148.16,95.14,109.21,115.67,112.57,114.87,112.01,115.01,117.8,120.88,125.26,147.02,115.45,107.33,105.69,126.64,98.54,113.80,120.84,120.98,99.07,113.83,126.18,112.63,123.46,118.68,104.93,91.96,105.97,98.98
1984-01-01,123.64,150.34,117.67,120.67,119.51,126.19,131.12,125.32,125.69,124.38,108.26,110.30,107.48,105.18,98.70,107.51,112.68,116.57,132.33,118.79,156.24,97.56,113.38,118.51,113.15,123.72,110.41,119.98,121.76,123.88,123.63,150.58,118.13,118.66,106.10,122.42,98.77,113.77,119.26,127.68,113.61,110.2,125.11,112.15,121.81,121.41,106.82,97.95,106.12,100.35
1984-04-01,120.28,148.06,121.86,118.88,120.13,125.52,134.59,128.68,126.74,126.63,113.52,108.86,110.26,107.78,100.68,107.84,110.56,117.22,138.69,122.80,164.54,97.16,113.50,115.32,115.27,121.09,112.79,118.1,127.33,130.2,120.94,156.49,122.36,112.71,107.26,122.55,97.75,116.89,120.92,126.21,109.53,116.33,126.23,114.06,123.87,123.28,107.52,93.58,107.94,95.82
1984-07-01,124.84,154.78,123.02,119.65,121.71,125.74,140.29,131.88,128.03,124.46,110.19,110.22,110.90,106.75,99.37,107.44,112.67,115.93,142.60,124.22,174.40,97.26,115.41,113.01,118.96,115.92,112.31,113.22,133.05,134.99,125.93,162.04,121.71,115.19,107.32,120.46,96.04,118.71,126.94,124.05,117.9,109.65,128.62,114.77,126.22,124.89,109.31,94.27,108.10,98.54
1984-10-01,121.38,152.92,122.60,121.13,122.79,123.43,141.81,133.87,126.39,129.31,109.22,113.45,112.46,108.91,101.00,107.30,112.64,114.60,140.14,124.69,180.55,97.49,115.59,114.42,119.03,112.73,111.44,116.62,137.11,138.22,126.68,169.10,124.96,109.72,107.53,120.09,99.32,119.60,128.53,128.35,106.9,119.04,128.05,112.11,126.97,124.49,110.05,86.74,106.31,95.95
1985-01-01,121.53,144.99,125.22,121.26,124.54,126.32,148.35,136.92,127.85,131.76,114.74,108.26,113.27,109.74,101.59,108.48,114.15,111.58,145.77,126.71,190.20,99.69,116.63,120.09,120.24,116.23,111.44,117.28,141.45,142.24,126.2,176.11,127.81,109.78,108.18,119.11,97.99,121.15,131.3,131.26,110.42,121.05,126.66,116.57,129.56,127.51,110.53,91.85,107.99,97.26
1985-04-01,124.72,145.57,125.71,119.98,126.34,125.53,155.49,140.84,128.22,128.84,113.05,113.97,114.67,111.34,101.54,108.97,115.33,113.16,150.39,128.60,204.58,100.80,118.09,122.14,123.45,110.54,112.98,117.58,151.73,148.51,126.17,184.45,130.2,110.46,109.41,117.29,97.88,124.27,137.64,131.54,108.96,121.89,127.75,115.96,134.3,129.65,110.92,95.3,109.77,95.25
1985-07-01,127.50,146.08,127.39,124.14,129.20,126.59,160.05,143.32,128.13,135.20,117.00,115.10,116.04,111.93,103.09,109.53,114.72,113.21,156.31,130.84,217.57,102.70,115.45,122.85,125.47,116.46,113.12,118.19,159.35,155.03,128.14,190.99,133.04,114.19,110.69,117.52,96.94,126.74,142.01,132.33,112.88,124.25,127.68,116.29,136.22,131.52,111.59,92.73,110.73,94.13
1985-10-01,128.42,142.11,128.98,124.39,130.60,124.20,168.84,145.82,129.84,137.84,118.03,112.65,118.01,113.63,102.25,110.29,116.95,110.77,164.39,131.08,231.93,103.80,119.75,122.87,126.34,118.84,114.21,118.95,169.57,161.95,128.14,198.48,134.83,109.05,111.56,114.43,97.19,128.44,150.57,132.74,112.77,125.75,126.45,115.13,139.11,132.3,112.13,88.54,110.82,94.27
1986-01-01,129.63,142.96,131.59,125.70,132.29,128.80,174.51,151.16,131.24,140.14,119.94,115.26,119.78,114.93,103.34,112.50,118.65,113.69,167.20,133.73,241.25,105.45,121.16,123.95,127.42,118.11,115.45,121.26,177.73,168.01,130.07,206.38,136.01,113.27,113.05,116.36,97.95,131.45,154.78,135.97,117.05,128.48,129.46,119.15,144.36,134.56,113.47,95.46,112.39,97.43
1986-04-01,131.99,145.35,135.53,128.74,134.83,129.52,185.40,154.60,134.69,141.99,120.16,112.96,122.41,116.97,103.89,113.00,120.67,114.39,173.22,137.58,253.26,108.80,120.33,125.97,129.35,114.75,115.59,123.69,186.1,178.11,132.73,217.00,138.64,112.38,114.58,117.48,98.73,135.15,162.45,136.99,118.05,130.47,131.51,118.86,146.57,137.02,114.20,96.43,113.68,97.83
1986-07-01,133.54,140.81,135.53,126.71,137.78,128.67,199.38,159.35,135.61,143.70,121.06,114.43,125.15,118.67,104.35,114.07,120.82,111.76,180.60,141.05,265.61,112.08,123.93,124.14,131.92,115.77,115.59,124.13,194.79,189.25,132.26,226.86,141.09,111.89,116.43,113.19,99.51,139.76,173.59,138.89,113.9,132.66,128.83,118.21,152.43,140.02,114.74,95.7,113.99,94.82
1986-10-01,136.07,137.46,133.13,128.21,141.14,127.98,212.65,164.76,135.80,146.07,123.98,114.95,128.08,120.20,103.97,114.53,123.50,110.68,188.72,144.79,278.25,114.56,123.78,124.82,134.04,116.07,117.00,123.54,205.84,199.15,132.91,237.07,142.86,109.73,117.98,111.68,97.83,144.38,189.89,141.02,117.08,134.59,126.51,117.9,158.43,142.45,115.94,98.17,114.47,90.66
1987-01-01,138.19,134.01,137.91,129.25,144.76,129.70,224.92,171.26,136.47,148.50,128.03,116.34,130.53,121.93,105.47,115.36,125.00,110.75,196.08,148.93,287.79,117.53,126.66,126.25,135.84,110.67,117.53,126.45,211.16,210.17,134.87,246.45,145.61,113.43,120.21,111.62,99.99,149.18,203.38,143.66,120.73,138.08,126.82,119.24,163.32,145.5,117.09,97.1,115.36,93.06
1987-04-01,139.24,124.55,136.79,130.85,148.31,128.18,237.36,175.40,138.62,150.17,131.03,113.98,135.24,123.42,105.48,117.23,126.28,110.31,203.93,153.28,295.05,121.47,128.89,126.19,138.84,113.30,116.90,125.65,220.12,221.35,133.5,255.05,147.15,110.86,122.65,108.35,100.37,155.20,215.1,145.11,118.44,140.55,123.07,117.84,168.64,149.53,118.07,98.83,116.67,87.72
1987-07-01,139.83,116.30,135.85,127.71,152.98,125.50,250.20,182.50,138.81,151.84,133.12,110.56,138.41,124.93,105.56,116.88,129.12,104.91,214.19,160.12,303.75,124.08,130.26,124.45,140.34,111.55,115.47,125.3,222.3,230.03,131.99,266.74,149.63,110.97,125.09,102.95,99.45,162.82,230.96,145.11,117.61,140.84,118.26,113.64,173.48,156.81,118.94,95.86,118.22,82.89
1987-10-01,138.47,105.27,133.63,124.12,157.30,124.41,257.55,187.34,139.81,152.58,136.11,110.45,140.32,125.35,102.39,116.14,129.30,104.81,221.85,162.52,306.20,126.11,129.33,123.65,140.86,105.54,116.06,124.38,226.78,235.36,130.99,270.67,150.63,110.66,126.34,100.48,98.76,168.44,240.85,145.91,119.16,142.76,114.64,112.69,181.54,160.3,119.68,97.29,119.49,78.97
1988-01-01,142.15,121.09,134.91,126.58,163.08,125.45,263.37,190.12,141.27,154.76,144.35,113.28,143.32,128.11,104.58,116.61,131.68,101.98,227.69,167.94,309.69,127.92,131.61,122.45,140.76,110.10,117.08,125.62,226,240.43,130.64,277.04,151.73,107.66,128.51,98.31,100.76,171.76,248.95,148.39,115.11,143.91,114.67,112.79,186.73,164.97,121.97,96.51,120.29,81.13
1988-04-01,143.18,115.51,136.24,127.54,169.78,125.07,267.58,195.71,144.24,156.59,151.62,114.04,147.88,129.82,106.21,117.74,132.78,102.40,229.50,173.86,314.92,131.15,133.45,124.27,142.86,110.94,117.80,126.59,228.68,246.47,130.24,280.52,154.12,109.48,131.20,99.31,101.48,179.00,252.35,150.42,115.61,144.67,116.62,114.23,194.77,170.54,123.79,99.86,122.29,76.46
1988-07-01,142.83,126.79,134.28,126.78,177.85,123.87,265.81,201.36,145.35,156.90,155.87,111.94,151.23,130.42,108.41,116.76,135.01,101.12,236.46,179.48,313.72,133.31,133.40,122.13,143.74,114.24,118.55,128.1,228.63,247.23,131.27,282.59,155.7,110.11,132.38,97.48,105.05,183.76,254.84,151.56,118.54,144.7,113.96,112.05,201.13,174.61,126.35,98.66,124.47,81.14
1988-10-01,141.47,132.40,134.51,126.28,187.58,123.46,266.35,206.38,146.56,156.80,166.85,111.74,152.54,131.74,107.90,118.37,136.31,99.74,237.49,183.72,316.08,134.49,134.20,124.10,143.60,113.40,118.25,129.71,228.36,246.41,129.81,283.40,156.28,105.41,133.59,97.86,105.65,185.44,256.85,152.21,116.58,144.35,113.1,112.32,203.33,178.17,127.87,97.83,125.11,81.27
1989-01-01,141.60,128.94,133.29,127.27,196.38,123.47,261.70,209.73,147.71,157.85,178.80,115.13,155.59,132.87,109.97,117.40,137.91,100.53,238.85,188.32,313.35,136.53,134.65,119.66,143.60,111.63,119.47,129.82,228.91,245.94,130.41,283.16,156.76,109.13,135.23,98.46,107.96,187.71,258.99,154.66,120.68,145.27,113.33,113.36,206.69,181.42,132.24,99.05,127.41,77.14
1989-04-01,143.51,104.57,132.78,126.90,206.03,124.40,261.50,216.44,148.66,158.30,183.93,116.06,158.56,134.71,111.11,119.45,138.85,100.56,241.82,193.07,311.31,139.38,136.48,123.69,145.25,112.57,120.54,132.19,225.53,245.37,131.1,282.64,157.57,108.43,136.57,99.92,110.45,189.04,260.16,154.76,117.08,146.24,114.33,113.1,211.93,185.36,137.92,101.4,128.86,83.82
1989-07-01,145.67,104.33,134.88,128.12,217.94,126.90,262.36,221.57,151.15,160.35,196.61,117.66,162.10,137.06,113.20,119.09,141.80,102.35,244.25,196.58,316.03,142.68,138.52,125.97,146.09,115.26,121.79,135.6,229.51,246.64,133.11,285.67,160.36,110.93,139.49,101.5,113.79,193.22,266.04,158.22,121.84,146.84,116.57,115.57,216.3,187.97,144.46,101.25,131.02,83.44
1989-10-01,146.74,102.32,134.10,127.17,224.78,126.42,261.35,222.92,152.29,161.48,203.10,118.41,164.03,137.57,114.17,119.68,142.39,102.22,246.44,199.81,316.73,143.25,139.23,124.85,146.75,116.72,122.72,137.49,229.71,247.39,135.16,286.32,160.84,111.88,140.51,100.66,116.63,195.58,267.19,158.6,119.3,146.95,116.3,115.46,217.48,189.31,153.18,101.01,131.81,83.47
1990-01-01,145.62,98.97,133.92,127.86,227.56,127.02,257.45,226.34,153.01,160.96,218.14,120.46,165.89,138.42,115.72,119.57,142.96,101.64,243.35,202.20,312.73,145.38,139.28,126.46,146.85,115.09,123.68,140.13,225.08,244.3,132.09,286.32,161.17,111.35,142.04,100.5,120.75,195.89,264.24,160.17,119.78,147.43,116.04,116.45,215.39,189.27,164.27,102.19,133.86,87.95
1990-04-01,146.83,112.78,133.03,128.06,228.28,128.09,249.63,225.55,152.48,159.52,231.61,125.12,167.74,139.79,117.17,119.01,144.19,102.53,238.82,202.85,303.67,147.69,139.29,124.63,146.66,117.08,125.70,142.39,215.6,239.09,133.3,283.09,161.58,111.08,143.34,101.53,126.97,196.18,259.8,161.62,125.43,147.22,116.92,118.02,216.85,189.57,173.57,101.93,136.00,85.57
1990-07-01,147.42,122.26,134.23,128.80,230.23,129.06,247.04,223.91,153.42,160.57,242.44,127.98,169.70,141.09,118.77,119.22,145.21,103.07,234.63,203.87,298.57,148.60,140.08,125.94,146.88,121.94,126.91,146.03,210.66,235.79,134.58,281.45,163.04,112.62,145.33,101.44,131.7,196.72,260.21,163,126.03,147.02,117.75,118.96,214.83,188.97,176.43,105.04,137.84,91.20
1990-10-01,147.58,120.26,132.88,128.30,228.67,129.34,240.33,223.83,152.85,159.43,251.81,127.00,170.17,141.57,119.73,118.80,144.87,103.58,236.95,202.68,291.47,148.97,140.03,124.75,145.66,122.35,126.99,147.59,203.6,231.9,135.08,278.50,162.96,111.34,145.68,101.13,134.07,196.00,254.77,161.92,125.41,146.54,116.86,118.88,216.24,186.82,177.68,103.77,138.13,89.54
1991-01-01,148.86,124.56,134.93,129.58,228.59,130.81,239.94,227.23,154.58,161.21,257.57,130.41,172.22,143.75,121.32,119.27,147.28,103.01,230.47,204.05,288.44,150.75,142.04,127.34,147.33,120.41,128.18,150.83,200.83,230.82,136.12,278.10,163.92,113.38,147.35,102.87,136.35,197.57,255.39,163.75,127.99,147.83,118.29,122.55,213.21,187.95,181.96,104.03,140.07,90.11
1991-04-01,151.06,127.60,135.91,130.25,227.17,132.47,236.52,227.98,155.03,161.72,260.19,130.81,174.04,144.95,122.64,120.10,148.50,105.35,233.64,206.20,285.50,152.78,143.15,126.19,148.12,124.46,129.56,151.82,197.76,229.16,137.56,279.92,165.1,114.52,149.38,104.13,139.51,199.15,250.02,165.37,131.49,148.53,119.51,124.78,213.68,188.54,183.59,107.27,142.08,93.45
1991-07-01,151.90,131.54,135.35,131.45,227.17,133.64,233.83,228.07,154.79,161.31,260.17,133.60,175.27,146.03,123.74,120.34,149.27,106.32,229.82,205.61,282.23,153.99,143.52,126.54,148.52,126.50,130.74,152.54,193.56,227.84,138.31,279.02,165.48,114.85,150.41,104.41,141.92,199.27,247.08,166.38,130.21,148.87,119.64,124.87,213,187.09,184.34,106.18,144.23,94.88
1991-10-01,154.36,131.66,139.31,133.70,228.85,135.90,236.10,231.17,157.47,163.07,263.96,136.74,177.66,148.16,125.61,121.83,151.19,108.04,232.35,209.63,284.90,155.88,146.02,129.85,150.15,131.05,131.49,156.13,193.95,230.49,140.43,281.27,167.81,115.9,152.64,106.29,144.87,202.86,250.1,169.02,132.88,151.28,121.04,127.7,213.76,190.4,188.20,109.15,145.62,95.72
1992-01-01,155.64,133.49,140.00,134.78,227.63,137.79,237.12,231.16,159.34,164.13,263.44,138.26,178.86,149.45,126.02,122.55,152.22,109.33,233.72,210.40,284.02,157.14,146.74,131.57,150.96,133.03,133.25,157.34,194.02,232.33,143.96,286.55,168.88,118.21,154.31,107.02,147.92,203.94,248.8,169.9,136.45,152.6,123.01,129.6,213.87,191.52,189.08,109.43,147.31,96.82
1992-04-01,155.80,134.71,139.70,134.13,225.28,140.88,232.46,229.55,157.92,164.41,262.89,139.63,180.44,150.77,128.07,123.07,153.46,110.41,228.91,209.05,280.54,158.17,147.58,131.72,151.31,135.30,135.06,156.89,189.78,230.41,144.78,282.60,169.22,118.44,155.35,106.96,149.76,203.57,245.38,170.13,136.57,152.16,122.57,131.63,214.52,189.79,190.83,111.44,149.93,98.28
1992-07-01,158.76,135.41,140.65,136.49,224.84,143.96,233.28,230.74,160.58,167.67,264.56,142.88,182.17,153.09,129.72,124.52,155.50,111.86,229.91,211.01,282.10,159.34,149.27,132.66,152.41,139.00,137.12,159.65,188.8,232.24,145.63,285.74,171.28,119.77,157.49,108.55,153.4,205.51,245.51,172.69,140.45,155.53,124.63,133.85,216.42,192.19,193.40,112.6,151.77,99.99
1992-10-01,160.12,135.93,141.49,137.14,222.74,146.66,233.09,232.80,160.66,167.97,265.47,146.77,183.80,153.90,130.86,124.86,156.81,112.97,231.46,211.69,282.76,160.57,150.24,133.13,153.36,143.44,138.12,160.59,189.02,233.63,147.95,287.77,172.05,120.83,159.02,109.04,156.3,206.83,246.48,173.29,142.14,155.34,125.15,137.36,216.72,192.84,195.39,113.85,153.74,102.37
1993-01-01,161.19,135.77,141.61,138.33,219.29,149.35,229.48,231.45,160.89,168.32,264.85,147.94,184.93,154.94,132.06,125.66,157.66,113.78,228.23,211.13,280.85,161.19,151.55,133.68,153.49,145.99,139.34,160.46,187.25,233.5,149.93,282.45,172.5,121.5,159.77,109.43,158.45,206.49,245.13,173.57,143.68,155.96,125.55,140.34,215.93,192.28,196.26,114.64,154.96,102.82
1993-04-01,162.92,136.30,143.33,140.60,217.40,153.00,230.10,232.42,162.62,170.21,266.14,152.78,186.63,156.50,133.97,126.60,159.50,115.83,231.12,211.80,282.60,162.43,153.01,135.82,154.43,150.11,141.07,161.9,189.47,235.11,153.47,289.11,173.99,124.45,161.61,111.41,161.61,207.94,245.36,175.21,147.37,158.18,126.66,144.76,217.19,193.4,198.39,116.18,157.16,105.94
1993-07-01,165.82,138.78,144.49,143.16,215.56,157.33,230.08,231.94,163.92,171.37,265.17,156.94,188.56,158.39,136.67,128.37,160.70,117.86,229.44,212.49,283.58,163.86,154.95,137.59,155.53,152.74,143.28,163.14,189.76,235.69,156.46,288.19,175.83,126.76,163.55,112.94,165.38,208.69,244.66,177.35,150.07,160.25,128.12,149.98,217.56,193.78,201.08,118.71,159.40,108.71
1993-10-01,167.29,139.54,146.39,144.90,214.28,161.23,230.68,232.62,165.53,172.65,266.54,159.91,190.23,159.88,138.23,129.59,162.63,119.46,231.56,213.34,285.32,165.26,156.59,138.55,156.86,157.84,145.50,163.98,190.33,237.16,159.29,289.32,177.25,127.52,165.53,114.61,168.84,210.55,246.97,178.14,152.23,161.89,129.36,155.56,218.77,194.83,203.36,119.14,161.47,111.28
1994-01-01,168.38,140.70,148.41,147.70,212.16,165.95,228.74,231.66,165.33,173.20,267.33,160.97,192.85,161.61,140.82,131.72,165.32,121.57,231.45,213.73,285.50,167.11,157.54,140.82,158.52,160.19,147.40,164.18,190.81,237.8,164.07,286.01,178.88,129.15,167.41,115.16,173.13,210.49,245.59,179.09,155.98,163.62,129.98,161.83,219.44,195.08,205.89,121.54,165.71,113.85
1994-04-01,170.41,143.88,150.53,148.96,207.02,173.58,223.57,229.06,164.21,174.25,264.03,166.72,195.57,164.01,144.43,135.67,169.64,124.31,225.46,211.65,282.63,169.91,160.35,142.89,161.47,167.04,152.18,164.93,187.59,235.71,169.37,282.21,181.7,132.83,170.20,117.24,179.2,209.31,239.37,180.35,158.23,165.85,130.17,170.8,217.09,194.87,209.74,123,171.81,116.76
1994-07-01,171.14,145.85,152.48,150.81,203.96,177.90,220.67,226.72,164.48,174.89,265.82,168.70,197.29,165.91,147.14,137.31,171.09,125.53,224.02,209.70,282.37,173.25,161.66,144.24,163.98,171.08,155.72,165.53,184.77,233.48,172.99,280.70,184.13,134.48,171.18,117.39,183.61,207.64,234.92,181.12,159.52,168.4,130.28,176.57,217.51,194.53,211.08,124.88,175.55,120.33
1994-10-01,171.28,144.85,154.13,151.85,201.08,179.38,217.89,225.83,164.45,175.59,258.86,169.64,197.61,166.15,147.21,138.45,172.98,125.42,220.43,207.89,279.97,175.40,162.17,146.65,164.29,172.26,155.70,165.23,184.13,230.71,175.48,275.51,186.32,134.81,172.67,117.55,186.74,206.02,232.22,181.66,162.67,169.58,129.61,179.67,217.48,194.25,210.50,124.47,175.81,121.96
1995-01-01,172.84,147.11,156.10,152.63,199.75,182.68,216.69,226.46,165.01,176.52,257.62,170.62,199.60,168.21,148.93,139.80,174.91,126.91,222.58,207.98,281.74,178.56,163.76,146.72,166.42,173.95,157.72,166.47,184.94,230.58,176.85,274.17,187.84,137.32,173.62,118.21,190.89,205.43,234.16,183.23,160.49,172.07,129.57,184.34,215.05,193.72,212.60,125.95,177.98,123.75
1995-04-01,176.30,149.62,158.95,156.81,201.65,186.30,219.48,227.34,167.26,179.89,261.22,174.74,202.47,171.13,152.19,142.61,177.78,129.50,225.87,210.75,286.98,182.03,166.82,149.78,168.31,177.89,160.63,170.21,187.41,233.16,181.29,278.86,190.51,138.54,176.92,120.36,195.56,208.83,236.7,185.51,166.12,175.39,131.79,189.48,220.36,196.17,215.01,128.52,181.92,126.44
1995-07-01,179.07,151.14,162.01,158.78,203.98,190.02,224.80,231.06,170.41,182.28,261.71,177.85,204.90,174.16,154.32,143.98,180.26,131.49,230.14,213.18,291.69,185.33,169.86,152.19,170.64,181.79,162.97,172.66,191.3,237.11,184.61,283.53,193.69,140.26,180.01,122.37,200.47,212.45,240.88,187.92,167.24,177.96,133.4,195.96,220.47,198.46,218.17,130.79,184.40,127.90
1995-10-01,180.45,151.62,164.10,159.54,203.66,192.90,225.02,230.93,171.77,185.11,262.63,179.91,206.79,176.11,155.78,146.11,181.99,132.86,230.45,214.72,293.29,188.44,171.97,153.90,172.11,182.69,164.02,173.9,193.93,237.7,186,282.66,195.55,141.2,182.24,122.79,203.73,213.65,242.98,190.19,170.32,180.53,134.24,200.01,221.75,199.26,219.92,131.29,186.67,130.80
1996-01-01,183.61,154.03,166.66,161.87,203.63,195.27,227.98,233.76,173.60,187.27,257.28,182.11,208.98,178.30,157.90,146.59,184.19,134.78,235.65,217.33,296.90,191.13,174.32,154.80,173.66,185.42,165.93,175.84,194.82,240.8,187.26,287.46,197.92,144.57,184.85,124.44,207.72,216.36,245.59,192.92,173.1,183.39,135.6,204.62,225.58,201.36,221.91,133.02,188.16,132.32
1996-04-01,183.60,156.51,167.00,162.19,201.04,197.78,225.11,231.28,172.53,188.19,251.74,180.53,209.71,180.00,159.25,149.30,185.88,136.45,232.82,214.91,297.35,196.44,175.54,155.56,176.04,187.48,169.47,175.11,194.09,238.91,186.88,285.71,199.63,143.28,186.60,125.22,210.8,213.85,240.57,193.78,172.52,185.08,135.35,207.01,221.96,200.81,222.14,133.73,189.95,133.27
1996-07-01,183.94,157.01,168.57,161.96,200.67,199.98,221.86,232.22,173.08,189.84,242.91,181.18,210.64,181.38,160.70,151.02,187.74,137.27,232.22,213.15,298.66,200.95,177.24,158.54,177.31,189.70,171.97,174.95,196.63,238.44,186.5,283.69,202.05,145.57,187.92,126.12,214.22,213.07,237.03,195.27,174.95,187.23,135.67,210.52,220.81,199.98,223.35,134.2,192.16,134.51
1996-10-01,186.10,159.03,169.97,163.66,201.72,202.72,223.22,234.24,174.01,191.40,239.69,182.71,212.70,183.63,161.71,152.34,189.63,139.28,235.88,215.70,302.54,203.64,179.21,159.56,179.36,190.53,172.92,177.01,197.7,238.33,187.46,283.39,203.62,145.54,189.80,126.84,217.72,214.47,238.73,198.1,173.97,188.83,136.15,214.33,221.12,201.63,225.23,134.25,194.36,134.55
1997-01-01,188.22,158.89,171.86,165.17,202.66,204.85,224.54,234.13,176.00,193.52,236.87,184.45,214.08,185.01,163.30,152.84,192.56,140.68,234.56,216.49,305.20,207.11,181.41,160.10,181.00,190.89,174.46,177.99,199.12,240.14,189.01,283.50,206.18,146.17,192.30,127.69,221.31,215.86,240.25,199.38,176.83,191.31,136.79,217.92,225.14,202.99,226.77,135.24,196.55,135.49
1997-04-01,189.47,160.16,172.71,166.69,204.70,207.54,225.58,234.52,175.95,195.75,230.56,184.75,215.64,186.92,165.10,155.15,193.63,141.63,236.81,215.43,309.73,211.59,183.32,161.20,182.65,191.93,177.85,178.14,201.78,240.99,190,286.86,208.79,146.59,193.81,128.29,223.87,215.71,238.47,201.87,179.7,192.96,137.8,219.14,222.43,203.3,229.73,137.72,198.24,137.06
1997-07-01,192.38,161.41,175.74,167.60,208.75,210.85,228.16,236.58,178.24,199.00,230.72,187.76,217.83,189.64,167.58,156.99,195.85,143.60,240.19,217.28,314.23,215.27,186.71,163.65,184.91,194.30,180.07,180.79,204.25,243.73,190.93,289.32,211.63,149.02,196.52,130.02,228.49,217.84,243.68,205.15,181.52,195.4,139.08,223.41,225.25,205.5,234.47,138.11,200.92,138.21
1997-10-01,194.90,163.55,178.43,169.84,212.40,214.14,230.43,238.31,181.32,201.88,229.56,189.99,219.85,192.04,169.01,158.85,198.27,145.94,243.73,219.80,318.99,218.32,189.35,166.06,186.75,197.83,182.46,182.03,207.31,246.12,193.04,292.24,214.68,151.23,198.93,131.87,231.3,220.07,246.41,207.92,184.06,198.11,140.74,227.32,225.39,207.53,237.59,140.18,202.93,140.28
1998-01-01,198.11,163.28,180.93,171.66,217.04,217.15,235.98,242.22,184.84,205.47,231.32,192.01,221.74,193.84,171.20,160.71,200.04,147.93,247.06,222.54,323.33,220.79,192.50,168.06,188.45,199.30,184.06,184.41,210.28,250.65,194.2,298.79,217.41,153.69,201.28,133.57,234.81,223.61,250.54,211.03,186.74,201.62,143.01,229.99,228.83,209.22,242.20,143.11,204.24,142.21
1998-04-01,199.62,166.03,182.46,171.60,221.78,219.76,236.05,242.97,184.64,207.30,231.14,192.85,222.63,195.54,173.35,162.31,202.41,149.25,248.98,222.32,330.11,224.99,193.90,170.69,190.29,199.09,185.25,184.58,214.4,251.54,193.91,301.05,218.92,154.95,203.17,134.71,236.1,224.06,249.35,213.18,187.64,203.07,144.03,232.18,228.76,210.16,245.72,143.23,206.61,142.17
1998-07-01,201.80,167.55,184.90,174.41,227.64,223.77,239.54,244.14,187.01,211.11,231.94,193.82,224.76,197.75,175.24,165.09,204.88,151.75,252.11,223.63,338.37,228.72,197.90,172.29,192.50,200.75,188.02,185.34,218.27,254.17,195.54,303.35,222.15,156.94,205.67,136.08,238.51,224.91,251.74,216.28,189.01,205.58,146.36,234.41,229.37,211.74,250.31,145.15,209.02,142.99
1998-10-01,204.33,167.30,187.07,176.35,232.04,226.52,242.64,245.50,189.74,214.24,231.17,195.24,226.46,199.49,177.46,166.84,207.56,153.18,255.66,225.83,343.34,230.85,200.20,173.99,194.19,202.94,190.23,186.65,222.1,256.05,197.66,307.46,224.25,157.64,207.89,138.35,240.72,227.91,254.64,219.18,188.93,207.95,147.95,236.66,232.66,213.81,253.16,146.71,209.78,143.24
1999-01-01,204.99,169.24,188.94,177.13,235.53,230.91,245.94,249.39,190.86,217.14,230.04,197.08,228.49,201.38,179.05,168.67,209.40,154.56,258.21,228.31,350.28,234.54,203.49,176.31,196.65,202.80,191.66,187.07,225.34,259.16,197.81,309.82,226.2,157.92,210.05,138.94,241.85,229.47,256.67,222.29,191.9,209.91,149.31,237.94,235.06,216.24,255.53,147.51,213.50,144.14
1999-04-01,205.83,172.90,191.37,177.33,239.54,237.98,248.92,251.14,192.35,220.42,228.55,198.07,231.20,202.40,181.70,171.96,211.74,156.17,263.82,229.20,361.74,239.62,209.58,178.71,199.72,205.01,195.22,186.79,231.92,262.8,197.58,315.53,228.56,158.51,211.89,140.31,243.26,230.13,259.03,225.36,194.24,210.42,152.21,236.99,236.81,219,259.96,147.11,216.92,146.28
1999-07-01,206.19,172.53,194.00,178.01,245.05,245.85,253.70,255.27,194.63,224.32,224.58,196.37,234.60,203.55,182.82,173.85,213.64,157.30,269.47,231.23,376.70,244.44,216.19,179.51,202.01,207.48,196.01,188.12,239.2,269.32,197.23,324.50,229.9,158.91,212.55,142.39,244.02,231.13,264.57,227.64,195.21,211.7,154.73,234.29,241.91,222.74,262.94,147.81,219.84,147.71
1999-10-01,207.79,172.63,195.86,178.65,250.25,250.10,256.80,256.62,196.98,226.92,224.60,195.87,236.94,204.58,183.99,174.94,215.37,157.74,272.04,233.84,385.58,247.45,219.03,179.33,204.03,207.01,197.29,188.32,243.69,272.19,198.02,330.65,231,157.66,213.95,142.42,244.9,232.21,269.24,229.57,196.34,212.51,156.51,235.3,244.93,225.7,265.02,146.53,221.10,148.22
2000-01-01,208.54,172.42,200.31,179.54,261.13,259.54,261.56,260.79,200.89,229.93,231.09,198.88,241.62,206.14,185.93,178.44,218.61,160.11,277.76,238.28,401.93,253.10,225.28,181.23,207.94,209.78,198.48,189.96,253.12,279.33,198.53,335.38,233.01,159.36,216.17,143.87,247.42,234.51,277.78,231.95,197.51,214.4,158.88,236.44,250.36,229.56,269.66,147.9,227.89,150.24
2000-04-01,210.28,174.58,202.52,181.27,268.15,265.90,268.68,265.30,204.46,233.67,230.67,198.78,245.76,207.89,188.39,179.78,220.58,160.72,285.40,240.84,414.86,256.65,231.96,182.52,210.48,211.36,201.33,192.36,261.9,285.99,199.26,345.44,235.96,160.51,218.78,145.59,249.08,237.96,286.23,234.78,201.25,215.59,161.53,236.4,254.26,234.29,272.46,148.94,229.07,151.75
2000-07-01,211.92,175.72,205.25,182.31,277.15,272.88,274.47,270.41,208.78,237.48,233.79,200.44,249.81,210.72,190.91,182.38,222.46,162.63,291.89,245.26,430.06,261.20,237.74,185.27,213.88,214.57,203.14,194.11,271.57,294.43,200.54,355.55,238.97,162.23,221.44,147.93,251.45,240.45,295.25,237.56,204.75,217.72,163.93,238.9,259.59,238.46,276.10,150.18,232.44,153.29
2000-10-01,214.64,176.17,208.34,184.78,285.72,278.98,278.27,273.92,213.14,241.35,239.18,202.58,252.65,212.63,192.33,184.19,225.30,164.02,297.68,249.07,440.44,264.95,242.35,186.61,216.47,217.63,204.59,196.93,279.03,298.88,201.63,361.00,241.6,163.45,224.30,148.92,254.14,243.31,300.76,240.8,204.9,219.68,165.84,242.27,264.44,242.49,279.65,151.5,235.27,156.64
2001-01-01,220.90,179.31,213.01,189.39,296.76,286.80,285.14,279.78,219.30,248.12,247.01,207.81,255.96,217.11,196.40,187.84,229.65,168.26,306.19,254.80,452.29,269.10,248.76,191.34,220.11,221.97,207.28,201.3,285.32,305.66,206.48,369.12,246.84,167.65,228.58,152.33,261.05,249.59,306.72,247.08,209.27,225.14,170.53,247.67,268.86,248.59,286.44,155.88,238.83,157.79
2001-04-01,221.82,183.07,216.29,190.52,305.84,292.63,291.25,284.52,224.82,251.17,250.68,210.13,260.41,218.91,198.50,190.07,231.71,169.98,312.02,259.79,466.03,272.60,255.45,192.56,223.43,224.56,209.56,203.88,295.07,314.35,208.1,377.31,249.04,168.78,230.93,153.84,263.53,253.57,317.24,249.87,212.4,226.3,172.78,248.24,274.13,254.38,290.32,157.37,242.08,160.75
2001-07-01,223.42,185.68,219.41,192.49,312.27,298.03,298.39,290.21,229.98,254.39,254.89,211.20,265.24,220.42,199.85,192.20,233.63,171.56,321.33,266.67,481.58,276.22,263.18,194.43,226.68,226.67,211.36,207.68,305.43,323.45,209.35,387.66,251,170.11,233.10,155.49,265.89,256.97,329.48,251.73,214.23,227.72,174.07,248.45,280.74,260.06,293.28,158.11,245.29,163.17
2001-10-01,225.94,185.97,221.54,194.42,316.66,300.47,303.62,294.16,235.51,257.69,258.85,213.66,267.70,222.41,202.32,193.89,235.49,173.17,326.30,270.98,491.42,278.49,266.69,196.09,228.94,228.27,213.05,210.32,310.84,329.85,210.77,394.52,253.29,171.45,235.02,157.25,268.17,260.22,336.45,254.67,215.15,230.42,176,251.05,284.13,263.66,295.22,159.69,247.13,165.24
2002-01-01,226.32,188.89,224.55,195.16,325.12,303.96,310.10,299.25,240.20,259.90,262.88,214.10,272.32,224.05,204.07,196.47,237.35,174.17,333.55,277.75,505.70,281.94,272.22,196.75,232.66,233.27,214.77,213.36,319.32,339.39,212.04,404.17,254.85,173.52,236.99,158.11,271.6,264.22,349.43,256.14,218.11,231.49,176.52,250.62,289.96,268.82,298.84,160.5,251.19,168.43
2002-04-01,227.49,194.32,227.54,196.04,336.16,307.30,318.98,306.93,247.52,261.86,268.79,215.15,277.15,224.71,205.06,198.37,238.98,175.57,343.99,286.88,524.30,285.07,279.53,196.08,235.73,235.38,216.12,216.84,330.69,352.05,214.9,416.99,255.93,174.97,238.62,159.65,273.5,268.85,366.61,257.59,221.09,231.9,178.04,250.11,296.59,276.39,302.45,162.37,254.66,170.74
2002-07-01,230.87,195.61,231.42,199.23,348.81,311.68,327.66,314.75,254.52,266.14,277.03,218.43,280.72,227.15,207.66,200.35,241.50,178.62,353.76,295.81,539.68,287.69,285.56,199.72,238.66,239.88,218.18,221.55,340.93,363.77,218.14,429.63,259.47,178.94,240.99,161.85,278.19,274.39,380.57,261.64,223.71,235.29,180.79,253.26,301.72,283.45,306.14,163.74,257.33,173.82
2002-10-01,233.57,195.14,234.09,201.69,359.01,313.59,334.55,319.84,260.27,269.22,280.66,220.69,283.91,228.19,209.41,201.92,243.78,181.25,360.22,301.84,551.88,289.53,289.96,201.68,241.57,242.17,219.62,224.03,348.62,372.19,220.15,438.88,261.21,180.81,242.56,163.76,280.41,279.16,392.51,263.87,225.07,237.38,182.67,254.59,304.39,287.35,308.74,166.14,259.19,175.56
2003-01-01,235.94,196.43,236.87,203.22,367.30,314.48,338.78,324.55,265.83,271.29,288.70,222.70,286.89,230.02,210.75,203.47,245.81,183.23,366.97,307.63,562.80,291.72,293.97,202.93,243.66,244.73,220.79,228.08,354.04,379.06,222.86,448.72,263.38,182.05,244.33,164.79,283.34,282.35,404.16,265.34,227.04,238.94,183.56,255.25,307.81,291.7,311.28,166.57,261.88,177.61
2003-04-01,238.02,199.56,239.33,204.53,374.18,315.84,344.36,331.42,272.25,273.13,295.70,224.59,289.82,231.15,212.34,204.91,247.73,185.11,372.24,314.28,571.91,293.99,297.38,204.56,245.38,249.75,222.02,232.57,359.56,385.71,225.44,459.60,265.11,184.81,246.10,166.87,285.96,286.03,413.75,268.04,228.26,240.96,184.73,256.19,312.85,296.44,313.95,168.21,264.21,181.59
2003-07-01,239.63,204.09,243.05,207.01,386.87,317.26,352.57,339.06,278.78,274.80,304.11,226.39,293.91,232.78,214.97,206.41,249.81,186.82,383.03,323.85,582.65,296.60,304.33,205.62,248.42,255.32,224.41,239.25,368.89,397.46,228.07,466.66,266.43,187.42,248.11,168.02,289.99,291.95,431.02,269.62,232.4,242.55,185.34,256.92,321.12,303.55,317.85,170.55,268.20,184.08
2003-10-01,241.22,212.11,251.24,210.10,411.62,320.91,365.49,351.83,291.75,278.37,321.41,229.48,303.10,234.81,218.35,209.67,253.46,189.93,397.30,341.37,607.59,300.92,315.31,207.16,254.10,262.02,228.04,253.55,383.42,417.63,233.04,488.60,268.84,190.92,251.51,169.64,297.34,300.60,459.21,272.17,237.31,245.15,186.47,257.11,337.65,315.86,325.92,172.08,277.00,187.58
2004-01-01,243.45,213.39,255.61,212.76,424.89,323.31,371.83,362.93,300.62,282.19,336.48,232.22,306.38,236.14,219.98,211.63,256.52,192.06,406.46,350.89,617.83,302.94,319.08,209.21,257.12,266.52,229.21,266.95,389.09,426.24,235.58,498.88,271.88,193.02,253.07,171.69,301.13,305.84,470.11,275.3,237.95,247.19,187.37,259.61,342.13,323.93,330.85,174.92,279.15,191.35
2004-04-01,245.01,218.53,264.71,216.28,451.49,325.80,383.91,370.94,314.77,284.10,355.76,238.32,313.38,236.91,222.29,213.86,258.75,195.01,418.14,367.34,632.37,305.03,325.38,211.44,260.44,273.12,232.52,291.23,399.54,439.66,240.86,513.56,274.39,196.06,254.58,173.18,310.13,313.87,491.42,277.69,242.25,249.97,189.27,262.05,352.15,336.41,340.74,178.25,284.83,196.36
2004-07-01,249.53,229.83,280.21,219.88,497.41,330.37,403.40,393.26,334.48,287.96,389.60,246.38,323.70,239.61,225.46,216.08,261.86,198.28,438.01,394.32,662.83,309.21,336.34,214.31,266.46,282.58,237.15,328.46,417.18,469.24,246.91,538.60,277.28,202.31,257.53,174.51,323.9,326.84,526.02,282.99,247.17,253.51,190.81,265.38,374.71,357.83,354.99,181.51,295.33,203.71
2004-10-01,253.23,232.19,291.69,223.70,516.51,333.57,411.14,405.27,349.77,292.56,403.87,252.79,328.33,242.19,227.95,218.78,266.82,200.96,447.29,407.88,673.90,312.64,341.24,217.23,270.08,289.18,239.08,340.93,425.37,481.18,251.83,552.19,282.01,206.44,260.19,177.44,331.4,334.15,539.54,288.25,250.5,256.59,193.02,270.57,382.24,370.28,363.17,184.75,298.77,207.51
2005-01-01,256.61,238.06,309.40,226.88,539.06,337.09,421.64,416.49,368.48,296.37,423.18,258.97,335.08,243.83,230.53,220.89,268.67,203.20,460.24,426.03,688.40,315.27,347.90,218.55,274.65,296.40,240.73,354.63,436.63,495.52,257.11,566.86,286.5,207.5,262.51,178.7,341.43,341.09,550.56,293.21,254.05,260.19,194,275.53,394.07,385.02,374.85,188.88,304.27,212.02
2005-04-01,262.69,246.93,341.29,232.11,570.67,342.06,435.80,434.29,396.00,300.34,448.12,270.77,342.93,246.00,233.31,224.00,272.38,207.42,470.57,451.87,704.75,317.03,354.98,222.90,278.71,308.28,244.17,373.39,446.98,517.03,268.42,585.68,290.32,214,264.59,181.62,359.66,352.79,573.15,298.24,260.09,265.87,197.09,284.27,407.43,406.87,394.79,194.86,309.69,218.51
2005-07-01,268.17,255.85,370.31,237.26,599.13,347.41,447.83,453.75,423.53,305.31,476.04,286.81,350.11,249.65,237.05,226.62,276.91,211.39,482.85,475.29,715.79,319.63,361.49,227.47,283.66,317.38,247.68,386.54,457.69,536.84,278.69,604.84,296.9,218.89,267.14,184.98,379.7,364.37,585.93,305.8,264.05,271.21,200.27,294.8,422.01,426.4,412.30,201.65,315.68,226.68
2005-10-01,273.65,263.56,396.04,240.45,625.85,350.75,456.84,463.26,445.80,309.32,502.79,299.95,356.46,250.17,238.83,227.77,278.27,218.53,490.48,494.45,720.93,318.87,365.53,232.58,286.86,327.82,246.95,400.89,463.01,553.2,286.94,618.52,303.18,221.68,267.46,187.15,396.2,371.89,594.83,312.56,268.26,275.56,202.66,304.56,430.71,438.33,429.54,204.24,318.74,232.73
2006-01-01,279.17,267.86,410.77,244.05,638.81,351.83,462.83,472.65,463.19,312.50,520.90,310.50,361.15,250.20,238.82,228.90,280.90,225.11,494.85,508.03,721.50,317.52,367.35,236.40,289.60,334.50,246.91,409.88,466.54,563.75,295.57,629.52,308.18,222.6,267.53,188.48,410.47,378.59,600.25,316.94,268.16,280.11,205.02,314.95,436.49,448.22,444.89,208.36,321.19,239.35
2006-04-01,283.77,274.36,419.51,247.36,644.67,353.65,465.11,481.70,473.08,314.37,525.51,322.31,363.96,249.77,240.29,230.89,281.82,231.00,492.16,518.45,712.70,312.34,365.38,243.34,290.01,344.88,249.48,410.57,463.95,570.3,306.19,631.47,312.39,229.22,266.43,190.92,427.15,382.81,600.28,322.18,272.53,285.51,208.25,328.18,446.6,456.62,460.31,206.51,320.80,247.03
2006-07-01,288.34,279.60,423.13,250.07,646.79,355.23,465.55,486.33,476.47,316.93,535.26,331.18,366.71,251.18,241.72,232.82,283.02,235.84,495.35,525.49,707.38,309.96,365.67,248.04,292.74,353.48,250.54,411.94,462.03,573.76,313.63,630.80,317.67,231.91,265.81,192.38,438.34,387.17,598.66,326.92,277.16,289.12,211.34,342.69,448.11,459.46,473.88,209.3,322.33,254.94
2006-10-01,293.86,281.16,426.78,252.23,643.05,358.54,468.20,495.26,479.75,322.87,533.67,339.39,370.78,253.74,243.64,235.04,286.10,239.65,502.91,532.28,709.33,311.54,369.66,252.56,296.17,360.28,250.75,410.88,465.09,576.66,320.93,638.89,323.44,232.33,266.86,195.18,446.57,391.73,598.23,335.11,278,294.45,214.24,355.72,455.16,465.95,484.08,211.67,326.26,261.69
2007-01-01,295.77,285.12,425.04,254.57,634.27,359.46,471.33,495.50,476.82,325.47,540.65,344.27,373.03,254.53,244.52,236.39,288.56,242.22,506.20,533.98,703.89,309.03,371.63,256.37,297.61,367.02,251.68,408.09,463.73,577.45,325.88,641.98,328.61,237.32,266.93,197.54,451.69,395.16,598.15,337.06,281.05,297.28,217.03,366.6,458.41,467.96,492.77,213.05,327.62,267.74
2007-04-01,299.93,287.97,421.29,256.08,623.63,360.41,467.66,499.23,470.56,326.58,541.80,345.03,371.82,255.33,246.65,239.00,289.32,244.66,502.73,534.99,693.89,303.36,367.63,256.41,298.00,372.15,253.51,399.56,460.62,573.78,328.42,639.88,331.74,240.04,265.37,198.41,456.83,396.82,586.97,339.57,283.81,300.87,220.68,375.57,458.08,469.15,498.31,212.57,327.04,275.00
2007-07-01,300.59,286.90,412.02,255.72,600.31,358.08,463.90,494.21,453.71,324.47,538.92,345.52,368.82,254.31,246.53,238.35,288.88,245.85,499.71,527.29,680.26,293.74,359.90,256.44,296.35,375.75,252.46,386.25,453.26,566.84,329.15,630.70,333.04,241.73,262.42,201.1,454.54,395.01,575.99,339.18,285.93,301.18,221.39,380.21,458.87,463.26,499.63,213.03,325.34,278.57
2007-10-01,302.93,286.32,404.99,256.94,575.90,358.97,463.17,494.80,442.35,326.64,536.76,345.66,370.03,254.79,247.92,238.50,292.00,246.79,505.85,524.40,680.36,292.56,358.56,259.85,297.63,378.22,251.98,376.16,452.72,564.33,330.5,632.65,335.59,242.41,262.39,202.86,456.13,396.71,573.45,343.76,288.15,303.3,223.05,383.16,457.11,462.06,502.39,214.77,327.04,280.11
2008-01-01,304.87,286.19,391.65,256.70,543.64,360.87,462.65,491.52,424.66,327.00,531.79,347.05,368.45,256.70,249.29,240.13,293.32,247.39,508.01,516.35,676.88,291.76,360.11,260.14,297.98,381.95,253.95,355.38,452.98,560.61,331.53,636.05,338.4,246.61,263.59,203.93,453.51,399.52,567.31,346.11,291.32,304.56,224.34,382.2,463.63,459.68,501.06,214.98,327.83,281.60
2008-04-01,303.65,286.63,369.04,255.90,498.77,358.69,451.80,484.78,395.39,321.99,520.80,339.14,360.97,254.79,247.95,238.60,293.19,247.05,499.95,498.55,655.43,279.80,349.08,258.05,293.97,379.77,252.00,326.95,441.32,544.6,327.6,623.98,337.77,247.64,259.59,205.07,445.38,394.53,544.76,344.31,291.8,303.43,224.99,376.07,457.4,446.61,491.20,214.53,322.92,282.38
2008-07-01,301.33,282.94,342.01,252.90,460.96,351.68,437.85,473.67,363.31,313.17,505.30,329.61,348.82,250.89,246.00,235.74,288.70,243.96,488.29,478.30,639.12,268.48,338.61,253.39,289.13,373.85,249.72,294.02,426.09,529.03,319.73,607.77,333.8,247.74,253.14,203.34,430.9,387.77,519.7,338.15,291.45,298.87,224.23,364.68,454.49,434.32,476.63,210.96,317.19,280.48
2008-10-01,302.93,285.68,329.97,254.21,445.09,352.71,434.19,468.18,344.83,311.87,496.20,329.65,347.70,250.49,247.11,236.16,290.51,244.74,484.98,471.15,639.94,265.69,337.56,255.88,289.78,377.45,251.00,278.55,424.38,523.52,318.88,602.04,333.6,249.79,253.68,203.56,424.61,387.26,513.64,339.12,293.5,300.17,224.64,363.85,453.63,430.78,471.57,209.12,317.86,280.23
2009-01-01,305.11,286.28,328.95,256.38,441.08,359.23,437.64,470.64,350.58,318.63,493.19,330.54,346.24,254.35,249.50,238.98,293.01,247.98,489.53,466.47,640.24,271.25,343.53,256.74,292.13,379.13,253.04,276.66,425.84,522.07,321.7,609.23,337.38,251.48,258.28,206.85,422.1,391.14,516.77,343.25,296.11,302.8,227.29,360.95,454.08,432.42,467.88,212.51,319.36,280.33
2009-04-01,301.81,283.46,305.41,253.22,420.96,353.39,423.41,456.59,332.58,308.88,472.54,319.41,336.33,250.33,247.95,237.31,290.15,246.17,478.56,448.32,624.42,260.67,333.57,254.21,287.42,374.20,251.90,256.94,413.62,505.2,313.21,596.14,331.64,251.21,252.43,205.03,405.84,385.34,493.63,338.95,294.9,299.7,225.76,347.27,447.75,421.61,447.95,209.87,314.56,279.97
2009-07-01,294.60,282.24,289.72,249.13,411.67,345.03,412.71,445.67,313.51,296.26,459.00,305.54,325.73,245.91,246.52,235.56,286.76,242.78,467.71,437.18,613.74,248.88,320.12,249.35,280.71,365.29,249.45,239.17,400.36,492.45,306.98,581.93,323.9,250.93,247.41,203.84,391.76,378.03,481.11,328.81,291.52,292.82,223.54,332.5,444.97,412.16,433.05,205.95,307.56,273.25
2009-10-01,293.68,283.82,281.09,248.05,413.01,344.09,411.36,441.83,305.60,291.99,452.49,300.49,322.55,245.90,245.88,235.09,286.71,243.10,462.56,429.59,614.80,244.57,315.85,247.95,279.44,362.72,249.22,231.96,398.03,488.72,304.32,576.77,320.07,253.06,247.00,204.4,384.68,376.73,481.39,325.06,290.41,289.94,222.97,328.61,441.13,409.06,427.25,205,306.67,271.07
2010-01-01,289.48,279.47,273.15,244.74,409.97,340.24,406.56,438.81,299.77,286.38,452.18,290.70,317.28,242.49,243.98,233.37,284.80,240.92,459.54,426.32,611.11,239.79,311.04,245.25,277.30,356.04,246.98,223.09,394.22,486.01,303.74,573.07,314.73,252.93,244.20,202.89,377.8,374.22,473.61,320.85,288.59,287.18,221.57,323.64,440.84,403.59,419.85,204.94,302.73,266.54
2010-04-01,285.22,281.93,263.62,245.50,408.77,336.28,402.07,434.20,291.45,280.25,448.92,285.92,313.57,242.75,244.81,232.87,283.59,239.69,453.82,421.04,609.38,235.98,308.24,242.03,275.45,352.09,248.73,215.27,391.61,482.32,298.4,569.48,312.21,252.91,242.37,202.66,372.29,372.28,466.73,315.8,288.17,285.86,221.72,318.97,439.64,400.92,415.02,204.49,301.01,267.81
2010-07-01,289.04,283.61,263.18,246.36,411.00,340.49,406.59,433.84,294.89,283.06,451.73,284.81,316.83,245.92,247.13,235.49,287.61,242.66,459.23,426.47,612.93,240.06,315.18,244.93,278.37,356.81,251.00,216.68,396,485.61,300.12,577.54,314.27,255.11,245.66,204.66,372.44,376.74,474.17,320.35,292.73,289.97,223.11,321.7,440.46,405.03,414.93,205.71,304.17,267.47
2010-10-01,286.66,284.30,256.65,245.25,406.48,338.98,407.30,430.55,289.52,279.24,451.94,277.90,314.68,245.43,247.10,235.35,287.20,242.16,460.19,422.38,612.67,239.47,311.07,243.10,276.58,355.67,249.68,210.87,393.73,484.58,297.16,577.34,312.52,257.92,244.61,204.04,366.86,375.81,473.16,317.79,292.97,287.88,222.13,319.98,442.03,402.81,407.55,207.3,302.24,267.78
2011-01-01,279.15,284.18,242.25,241.33,391.99,330.44,396.76,419.87,275.76,269.01,442.64,262.83,303.94,240.01,244.81,231.57,283.08,238.58,452.66,409.58,603.80,229.71,298.14,237.98,269.55,344.71,247.46,199.42,384.9,473.16,289.59,568.64,305.51,259.31,237.16,199.89,351.56,369.97,461.55,309.43,291.31,281.01,218.91,305.77,438.93,393.41,393.89,202.74,295.57,264.13
2011-04-01,275.35,283.52,230.34,239.64,385.71,324.60,389.50,407.92,267.38,257.41,443.17,253.31,297.71,237.96,243.30,228.03,280.27,237.56,445.13,401.54,596.92,225.91,291.40,237.94,265.42,343.69,246.63,185.89,378.19,463.63,284.25,560.51,299.37,262.82,233.61,199.88,341.3,364.89,446.04,301.93,288.8,277.43,217.81,299.17,433.55,388.57,383.93,199.86,290.65,261.09
2011-07-01,277.59,284.42,232.28,241.75,387.31,327.94,390.65,403.98,270.26,258.99,446.36,258.23,299.89,240.77,245.61,230.69,282.50,237.81,448.86,407.60,600.12,230.51,295.15,240.20,269.15,344.84,249.07,184.71,380.27,462.21,285.2,558.09,300.81,265.88,236.52,199.45,344.41,365.37,446.89,304.46,291.69,280.61,219.66,304.66,434.54,391.87,385.10,203.14,293.33,264.56
2011-10-01,279.67,286.41,237.55,242.95,386.13,330.84,393.73,409.10,272.58,258.40,446.18,262.93,299.80,242.10,246.69,232.64,283.59,240.80,451.62,409.45,600.84,232.34,298.10,241.56,270.45,346.59,250.74,184.92,382.03,462.34,286.49,562.43,302.03,268.27,237.23,202.3,347.8,366.84,449.92,307.62,293.34,281.4,219.86,306.04,440.21,394.57,385.44,204.24,294.39,264.61
2012-01-01,276.76,284.39,236.42,242.44,381.83,329.09,387.19,405.90,267.18,251.77,447.86,260.77,296.00,239.87,246.65,230.94,283.28,239.58,446.61,403.59,597.02,227.80,292.59,239.08,268.07,348.43,250.40,183.24,376.63,456.05,281.48,558.13,297.74,270.42,234.41,202.47,341.68,363.79,443.11,302.48,293.3,278.96,219.76,305.3,438.58,390.23,379.24,202.33,291.65,265.23
2012-04-01,274.88,283.71,239.28,239.98,382.48,329.98,383.20,397.43,265.23,247.42,444.59,257.58,292.24,239.42,246.60,229.78,282.26,240.12,442.15,399.65,595.35,226.67,290.67,237.74,265.53,347.74,250.76,182.41,373.48,449.98,279.7,552.50,294.24,277.87,233.25,202.2,338.24,362.11,434.84,301.04,295.03,277.75,221.25,303.69,436.58,387.69,376.01,203.11,289.25,265.75
2012-07-01,276.84,286.71,249.07,243.30,391.40,335.38,384.23,400.45,271.63,250.47,452.93,263.36,295.60,241.55,248.51,232.04,284.50,243.75,443.19,405.11,599.37,231.23,295.30,240.00,268.48,351.17,251.88,187.11,375.46,452.42,281.63,554.30,297.28,282.45,235.45,203.77,345.5,364.02,436.8,303.37,296.47,280.85,223.2,310.09,438,392.54,382.85,204.14,291.99,267.78
2012-10-01,277.28,288.90,256.59,244.82,399.72,338.40,385.54,403.10,275.30,253.49,457.28,267.10,295.66,242.20,249.56,232.34,285.60,243.70,444.01,406.57,602.26,234.40,298.56,238.46,268.80,355.89,253.19,192.08,376.71,453.45,282.1,556.17,298.52,289.9,234.92,205,351.1,365.06,439.21,303.43,300.19,281.39,224.8,315.44,437.98,394.13,387.48,204.69,292.00,269.95
2013-01-01,274.52,292.32,262.90,245.66,408.16,342.52,383.65,403.14,279.12,253.81,460.17,269.66,293.78,242.21,249.97,233.29,285.45,243.26,446.83,406.59,604.13,236.97,299.71,238.81,267.66,359.05,254.63,198.32,375.63,453.35,283.44,556.87,297.95,294.77,233.88,205.05,353.83,365.25,436.87,303.02,303.21,281.59,226.49,318.24,439.78,393.65,390.25,204.15,290.99,270.91
2013-04-01,275.18,292.86,274.77,245.94,426.93,349.58,381.97,403.70,288.37,259.77,470.44,272.52,295.62,242.61,251.63,231.95,286.24,244.75,448.94,410.35,609.22,241.98,305.38,238.34,268.54,361.67,257.44,210.75,376.41,454.13,283.16,558.41,299.42,301.37,234.57,206.9,363.59,366.50,437.6,303.97,304.51,284.18,230.56,327.2,435.88,397.52,397.46,205.19,290.87,273.57
2013-07-01,274.66,296.03,283.01,246.64,448.05,358.12,381.53,405.24,295.86,263.38,479.26,281.13,296.25,243.42,252.68,234.50,285.83,246.45,445.93,411.97,616.32,247.62,311.80,238.98,268.99,366.64,258.82,224,380.82,454.66,283.02,561.13,300.09,312.43,235.76,207.85,373.77,368.06,438.06,304.49,308.6,284.84,234.52,334.77,437.65,398.28,405.89,207.44,291.06,273.72
2013-10-01,273.45,297.25,290.91,246.25,462.93,361.13,378.52,408.31,303.40,266.69,490.46,281.31,297.35,243.55,252.83,233.87,284.61,246.02,443.96,412.58,619.48,249.59,312.10,237.37,268.39,367.14,260.54,233.77,381.1,455.83,284.4,560.34,299.47,316.94,235.53,207.42,378.45,367.36,435.44,303.68,309.9,286.49,237.19,339.18,436.3,398.23,409.85,209.21,289.91,274.69
2014-01-01,275.35,294.52,296.40,247.63,472.58,366.28,377.16,407.19,307.98,270.73,494.01,285.70,298.20,243.28,252.59,234.70,284.88,246.89,446.02,413.93,623.46,252.02,313.95,239.56,268.95,371.59,260.53,239.56,384.81,458.26,282.86,560.89,301.04,319.95,235.94,209.82,383.93,367.34,437.53,304.99,309.38,288.1,241.2,341.29,433.09,399.82,414.44,208.47,289.35,278.00
2014-04-01,276.18,300.52,301.72,247.69,485.34,378.88,380.35,410.85,316.11,277.08,501.42,291.12,303.73,247.21,256.03,237.97,289.17,249.46,449.90,420.51,637.27,259.61,321.95,239.83,273.67,373.87,266.38,247.34,387.68,463.26,285.17,566.50,305.09,324.24,241.12,211.43,396.54,372.07,445.14,310.07,314.63,293.97,247.41,347.66,438.54,406.04,425.37,209.59,293.89,279.24
2014-07-01,279.18,304.32,304.86,249.68,495.49,387.24,382.87,415.69,322.95,282.36,511.86,295.33,307.90,249.80,258.80,241.49,290.57,253.24,457.61,423.26,644.51,265.45,325.09,242.30,275.97,382.11,268.78,256.35,393.78,467.59,287.46,574.93,308.09,332.24,243.89,214.29,403.39,374.75,452.93,313.59,317.39,296.4,251.86,351.56,439.51,409.01,434.59,211.83,297.10,283.76
2014-10-01,280.42,303.46,309.87,252.62,501.10,393.00,382.60,414.59,328.79,284.42,518.62,296.66,309.17,250.95,259.98,241.45,292.71,253.81,455.78,426.96,648.92,267.66,326.22,245.00,278.47,384.23,270.40,259.91,395.34,469.63,288.33,578.17,309.21,337.32,244.89,215.43,407.59,375.49,456.04,316.05,320.37,300.52,254.87,355.62,438.59,412.32,438.93,212.56,298.60,285.70
2015-01-01,283.36,306.29,312.38,252.71,506.29,400.46,387.37,421.22,336.18,288.56,530.50,302.23,312.53,253.76,261.04,243.52,295.48,257.27,461.92,429.43,654.60,268.88,327.05,246.91,280.67,386.98,272.24,265.89,398.83,473.67,289.62,583.66,314.25,340.47,246.33,217.22,414.11,379.53,460.16,321.86,323.15,303.2,258.66,359.16,442.64,414.59,444.89,211.98,300.56,287.94
2015-04-01,284.36,309.21,319.20,253.48,517.70,417.15,388.62,420.62,344.49,295.40,534.18,307.64,315.28,257.03,264.36,246.30,299.08,259.46,464.70,432.33,662.48,274.61,334.04,247.14,282.88,393.05,277.05,274.42,405.09,477.35,290.7,588.35,317.94,343.41,250.38,220.31,428.26,381.99,469.67,325.21,327.24,306.85,265.12,365.08,447.41,418.06,458.00,217.2,303.68,289.20
2015-07-01,285.93,312.99,325.76,257.27,530.92,432.22,386.30,423.41,353.00,299.30,541.88,313.86,316.41,257.93,266.89,249.36,300.71,262.32,467.02,432.38,673.32,279.49,339.08,250.16,285.67,396.26,281.75,281.95,410.12,478.21,293.86,593.52,320.56,350.08,253.03,222.66,441.61,383.70,471.67,328.43,330.8,312.1,270.82,372.31,446.93,419.67,470.82,215.87,306.21,295.62
2015-10-01,287.95,314.14,330.23,259.19,538.24,438.17,385.92,425.13,359.99,301.71,548.83,318.63,317.87,259.73,268.44,249.42,303.10,262.58,470.36,433.50,677.24,280.78,339.86,251.53,288.78,400.35,282.72,288.74,410.51,479.13,292.7,594.33,323.55,350.8,253.64,223.91,448.75,384.22,474.79,332.2,334.49,315.01,273.22,377.29,445.45,421.66,478.69,216.95,308.10,294.57
2016-01-01,288.53,314.56,334.01,257.68,545.27,445.96,386.03,426.14,366.55,304.71,563.39,323.01,319.32,259.71,270.10,251.52,304.78,265.29,474.31,437.29,684.61,282.94,341.83,252.68,291.17,403.94,282.60,292.23,414.09,482.16,294.79,597.55,327.21,350.91,254.89,224.06,458.41,385.97,476.24,334.98,337.15,319.16,277.1,382.87,444.44,420.7,488.15,218.28,310.86,294.45
2016-04-01,292.63,316.87,341.05,261.54,554.90,461.68,388.02,430.43,375.99,313.03,566.34,328.96,323.60,264.94,272.76,256.63,310.26,268.82,478.31,442.05,694.15,289.20,349.54,254.15,295.03,406.03,288.37,299.67,419.5,487.81,299.45,607.10,332.37,353.3,259.43,226.27,475.21,392.18,486.06,341.1,340.3,325.07,284.24,391.52,451.68,427.87,505.74,218.81,315.21,297.65
2016-07-01,297.30,318.39,346.85,264.30,567.02,474.23,391.36,434.90,386.33,318.79,577.56,339.84,328.23,268.68,276.77,260.43,313.52,271.24,488.94,447.67,706.52,294.70,354.94,255.23,299.69,412.45,293.74,308.62,427.01,492.52,301.29,615.42,338.89,357.01,264.60,228.67,489.53,396.25,495.02,348.62,346.96,331,289.91,400.58,456.07,431.87,521.03,220.44,319.49,299.88
2016-10-01,296.58,316.78,352.35,265.81,573.84,481.07,391.73,437.68,392.71,321.46,582.93,341.32,329.14,270.18,277.94,262.22,315.38,272.74,493.16,449.26,712.99,296.91,356.89,259.74,301.17,414.50,294.60,312.48,429.22,494.29,305.64,620.86,340.68,356.53,264.30,228.53,497.22,397.15,502.84,349.49,349.1,335.47,293.07,405.27,454.66,433.77,528.42,222.1,321.51,299.79
2017-01-01,298.19,318.51,357.46,268.79,579.88,489.27,386.22,437.09,400.06,323.84,583.58,348.01,327.97,270.75,280.06,261.83,318.23,271.26,496.95,447.10,716.86,300.62,360.43,259.26,302.40,421.74,298.09,316.95,431.99,489.59,304.31,622.68,342.18,358.42,265.69,231.51,502.6,398.09,505.53,353.44,351.76,339.4,296.98,412.49,456.16,433.1,538.03,219.16,324.60,298.45
2017-04-01,301.69,319.06,366.85,270.19,591.94,506.46,391.69,439.21,409.83,332.29,591.73,361.48,332.10,275.98,283.71,268.91,324.63,274.89,501.44,455.35,735.63,308.90,370.91,259.54,308.77,426.19,306.64,326.76,441.98,497.56,307.26,632.98,352.5,357.64,273.24,234.61,518.59,405.31,515.02,359.7,359.67,347.91,305.9,426.1,460.85,442.01,559.00,221.03,332.34,301.52
2017-07-01,304.59,322.66,374.65,273.33,603.63,514.55,394.19,440.40,417.01,337.48,600.06,369.68,336.13,280.86,287.23,271.54,329.16,278.50,511.14,458.97,746.03,314.99,376.02,262.15,312.39,434.68,310.29,338.39,449.69,504.06,313.06,645.51,357.23,361.45,276.79,235.76,527.7,410.24,524.92,366.67,364.36,354.95,310.42,436.04,462.22,444.44,575.73,222.11,336.48,302.24
2017-10-01,306.62,323.27,378.78,275.38,612.35,521.80,394.05,444.37,425.17,340.92,604.01,375.12,336.77,283.13,288.34,272.24,329.86,279.61,516.80,461.69,752.19,316.80,377.46,263.83,314.82,436.70,312.12,346.76,453.28,505.42,313.99,651.54,358.82,359.92,277.65,236.58,530.93,411.42,531.7,368.77,365.9,359.45,313.28,441.84,469.19,446.22,584.00,225.32,337.04,305.25
2018-01-01,310.13,321.68,386.78,278.20,622.79,535.65,392.22,451.37,433.67,348.76,609.61,387.45,338.49,287.71,289.69,276.71,334.50,279.67,522.67,464.43,760.60,320.83,382.82,266.44,319.48,443.92,315.26,357.48,460.08,508.6,315.36,658.62,365.56,361.34,281.73,237.56,538.53,416.06,541.9,376.98,370.36,364.93,317.44,451.13,471.86,450.97,597.89,224.98,341.80,310.62
2018-04-01,314.65,324.81,394.94,280.61,634.66,549.34,395.41,453.66,441.89,356.95,616.16,404.90,340.56,294.59,295.01,281.81,338.70,280.24,531.87,468.69,775.23,328.81,391.64,266.17,324.53,452.58,322.03,372.76,469.1,513.11,320.3,666.45,373.66,363.32,287.66,240.86,551.87,421.79,549.09,381.51,374.49,373.14,324.38,466.14,477.53,456.33,618.88,228.69,350.31,309.51
2018-07-01,317.67,324.66,404.04,282.90,642.70,557.56,399.08,455.75,449.05,362.64,620.51,416.50,341.77,298.16,297.25,282.89,341.45,281.97,538.98,469.47,784.67,333.98,396.27,267.42,327.82,457.74,326.79,383.64,475.83,516.89,323.4,677.69,378.64,362.89,291.92,242.32,558.01,425.89,556.13,386.79,379.57,378.57,328.48,475.78,478.78,458.79,626.05,228.26,354.61,314.69
2018-10-01,318.33,324.60,408.60,285.23,642.60,559.37,397.34,459.38,452.51,364.77,623.98,423.60,341.30,300.42,297.70,285.37,343.19,282.26,541.22,467.52,785.68,334.79,395.62,269.62,330.56,463.09,327.71,389.5,477.97,517.49,325.79,678.06,381.13,364.91,292.49,243.1,559.17,426.12,558.06,388.41,383.52,382.36,329.53,481.94,477.34,459.27,627.57,227.88,355.98,316.95
2019-01-01,324.41,327.52,413.97,287.34,646.61,567.03,399.11,462.66,459.59,370.13,631.16,432.28,344.34,304.49,299.70,287.56,346.69,285.24,545.71,472.37,794.97,339.12,400.29,272.77,333.31,465.22,331.84,392.04,482.67,521.74,327.95,683.57,387.09,367.11,295.97,246.31,565.54,430.72,563.11,393.71,385.78,386.4,333.46,490.14,482.71,464.39,636.19,228.75,359.50,316.16
2019-04-01,328.73,331.69,422.05,290.99,653.22,575.94,405.70,469.93,465.57,377.56,633.69,447.49,349.29,310.10,303.31,292.67,352.22,288.04,558.89,480.22,806.81,346.04,407.78,276.16,339.52,474.70,339.05,398.03,492.34,529.48,335.54,694.65,393.96,372.46,302.15,248.17,574.9,438.94,573.82,401.94,391.27,393.95,339.52,500.11,492.79,473.47,648.94,231.78,366.06,325.00
2019-07-01,333.39,334.00,428.39,294.23,660.06,581.19,410.24,475.39,473.15,382.81,639.24,457.60,352.67,314.65,306.41,296.40,357.51,290.11,566.48,485.22,816.16,350.23,412.48,279.35,343.54,481.84,342.23,401.02,499.17,537.44,341.46,704.93,398.54,374.79,306.68,252.82,581.71,444.65,580.33,407.07,396.37,399.75,343.51,508.21,499.75,478.56,657.31,234.27,370.73,329.37
2019-10-01,337.52,334.12,435.68,297.00,664.29,586.02,412.53,478.55,479.21,386.71,645.23,468.12,354.30,318.00,308.35,298.13,359.69,292.47,573.80,486.90,823.75,352.65,414.81,280.60,348.09,488.00,344.22,404.16,504.93,541.14,344.12,712.41,403.6,376.99,309.40,254.47,587.26,447.66,587.74,411.12,401.06,404.67,345.91,515.64,501.19,482.11,664.68,236.54,373.04,333.81
2020-01-01,341.24,337.48,444.36,298.54,670.48,592.30,414.15,484.60,486.21,392.31,644.60,478.31,355.92,321.64,310.50,302.15,363.78,295.40,579.30,492.19,832.34,356.02,418.81,284.99,351.79,494.63,348.29,408.56,511.48,545.7,349.4,719.08,409.56,377.97,314.02,258.2,592.91,453.44,592.86,416.89,406.38,410.63,349.71,522.38,508.24,487.2,675.93,238.18,376.16,337.04
2020-04-01,346.06,340.51,452.21,301.24,678.17,599.34,418.55,488.57,492.79,396.62,653.30,487.72,357.85,325.29,312.16,305.15,367.75,297.98,588.07,496.69,840.89,359.75,422.08,285.19,354.42,495.82,351.01,413.23,519.39,551.18,353.48,724.91,412.92,377.5,316.76,259.86,600.53,457.13,600.25,420.14,408.31,414.99,352.18,531.9,511.16,492.77,686.38,240.49,378.87,338.90
2020-07-01,353.05,344.81,463.30,305.69,686.17,608.78,427.58,498.51,501.29,404.31,645.86,506.24,361.60,332.28,315.04,311.36,374.45,300.54,601.52,503.16,855.87,367.59,431.02,289.28,361.09,510.23,355.62,419.74,531.39,560.74,360.49,736.83,420.76,383.3,324.32,263.65,610.78,466.71,612.19,427.5,413.64,424.18,357.67,544.73,522.06,500.94,701.94,244.82,386.17,343.23
2020-10-01,360.20,348.46,479.67,313.05,700.21,621.26,439.47,506.36,514.51,412.80,657.41,529.90,366.17,340.33,319.88,317.76,382.02,304.22,623.23,512.49,872.91,375.28,438.73,294.69,368.38,526.70,362.84,429.06,547.15,572.62,368.18,752.77,431.25,388.05,332.18,268.62,627.5,474.97,630.75,436.07,424.02,434.13,365.79,563.78,536.58,510.36,720.56,248.11,393.95,351.11
2021-01-01,367.38,351.34,500.63,318.59,719.55,637.75,450.66,521.46,530.73,424.54,666.16,557.81,370.34,347.07,323.06,323.53,388.83,307.72,641.99,523.87,891.68,383.04,445.54,298.64,375.14,544.04,368.84,443.97,563.14,586.57,378.73,770.80,441.51,388.35,338.26,273.91,648.31,486.41,647.63,445.83,429.79,446.46,374.24,586.35,550.88,520.83,741.74,252.55,399.26,356.60
2021-04-01,384.84,364.22,539.69,334.56,761.96,683.49,473.86,543.13,564.55,448.68,698.70,617.00,387.15,367.06,338.62,341.78,406.86,316.45,680.65,548.35,939.72,404.44,469.61,309.48,398.70,585.38,390.91,472.93,596.55,614.25,394.14,797.68,467.1,398.64,355.36,285.93,691.89,507.70,687.2,470.22,458.26,473.03,396.25,643.27,576.1,545.03,797.90,258.54,420.94,371.85
2021-07-01,406.20,381.51,585.08,352.56,801.31,723.92,500.16,570.95,606.77,475.89,724.96,668.08,400.49,385.72,353.21,357.20,427.36,327.20,729.23,570.54,988.09,425.29,492.18,326.40,416.04,628.44,409.87,509.69,632.66,644.42,416.82,838.79,498.32,413.49,373.64,301.49,734.19,532.65,730.49,497.11,484.06,505.35,421.47,692.4,613.28,569.86,844.17,272.6,441.86,393.61
2021-10-01,421.78,386.83,613.94,368.26,833.84,743.69,510.22,589.71,640.41,499.53,763.16,691.11,409.83,397.93,360.39,363.17,440.79,334.24,751.56,582.63,1010.42,434.51,500.46,336.48,427.49,657.25,417.85,531.22,650.65,664.53,431.55,857.97,520.51,421.85,382.33,310.42,753.22,543.83,751.24,519.47,502.67,531.66,438.75,718.05,630.57,582.98,872.09,280.26,451.12,407.56
